S.No.,Name,Designation,Date of Joining,Qualification,Nature of association (Regular/Contract/Adjunct)
1,"Dr. M. A. Bari","Associate Professor","26-06-2018","M.Sc. (Engineering), Ph.D","Regular"
2,"Dr. Mohammed Jameel Hashmi","Associate Professor","03-01-2022","MCA, Ph.D","Regular"
3,"Dr. Syed Asadullah Hussaini","Associate Professor","05-03-2018","M.Tech, Ph.D","Regular"
4,"Dr. Pathan Ahmed Khan","Associate Professor","01-02-2020","M.Tech, Ph.D","Regular"
5,"Dr. Md. Zainlabuddin","Associate Professor","01-06-2018","M.Tech, Ph.D","Regular"
6,"Dr. Veeramalai Sankardass","Professor","23-01-2017","M.Tech, Ph.D","Regular"
7,"Dr. Suresh Kumar","Professor","02-06-2017","M.Tech, Ph.D","Regular"
8,"S. A. Saleem","Assistant Professor","10-06-2017","M.Tech","Regular"
9,"Mukarram Uddin","Assistant Professor","07-11-2016","M.Tech","Regular"
10,"M. Sai Kiran","Assistant Professor","02-01-2021","M.Tech","Regular"
11,"Ijteba Sultana","Assistant Professor","01-06-2021","M.Tech","Regular"
12,"L. Vaishnavi","Assistant Professor","29-03-2022","M.Tech","Regular"
13,"Afsha Nishat","Assistant Professor","02-05-2022","M.Tech","Regular"
14,"Asma Akbar","Assistant Professor","01-01-2018","M.Tech","Regular"
15,"Nousheen Fathima","Assistant Professor","13-09-2022","M.Tech","Regular"
16,"T. Anita","Assistant Professor","21-07-2018","M.Tech","Regular"
17,"Vaseem Uddin","Assistant Professor","31-12-2021","M.Tech","Regular"
18,"Madhuri Dachapalli","Assistant Professor","30-01-2021","M.Tech","Regular"
19,"Asjad Mohi Uddin","Assistant Professor","12-12-2019","M.Tech","Regular"
20,"Mohd Taqi Uddin Ahmed","Assistant Professor","12-10-2017","M.Tech","Regular"
21,"Mohd Akber Ali","Assistant Professor","07-07-2022","M.Tech","Regular"
22,"Heena Yasmin","Assistant Professor","04-02-2021","M.Tech","Regular"
23,"Md Dastagir","Assistant Professor","23-03-2018","M.Tech","Regular"
24,"Rehana Fatima","Assistant Professor","03-02-2020","M.Tech","Regular"
25,"Imreena Ali","Assistant Professor","09-01-2014","M.Tech","Regular"
26,"Gayathri","Assistant Professor","28-08-2021","M.Tech","Regular"
27,"Lubna Nousheen","Assistant Professor","14-09-2022","M.Tech","Regular"
28,"Umme Ruma","Assistant Professor","14-03-2018","M.Tech","Regular"
29,"Mateen Sultana","Assistant Professor","01-07-2017","M.Tech","Regular"
30,"Shaista Farheen","Assistant Professor","02-01-2020","M.Tech","Regular"
31,"Syed Abdul Wahab Asif","Assistant Professor","01-07-2022","M.Tech","Regular"
32,"Gousia Tabassum","Assistant Professor","28-08-2017","M.Tech","Regular"
33,"Mohammed Rahmat Ali","Assistant Professor","14-09-2020","M.Tech","Regular"
34,"Mohd Azhar Siddiqui","Assistant Professor","28-02-2024","M.Tech","Regular"
35,"Mohd Amer","Assistant Professor","26-02-2024","M.Tech","Regular"
36,"Raheela Tabassum","Assistant Professor","25-02-2024","M.Tech","Regular"
37,"Ms. Asra Fatima","Assistant Professor","05-03-2024","M.Tech","Regular"
38,"Mohd Zakir Hussain","Assistant Professor","05-03-2024","M.Tech","Regular"
39,"Mohd Ghouse Uddin","Assistant Professor","15-03-2024","M.Tech","Regular"
40,"Sumera Jabeen","Assistant Professor","16-03-2024","M.Tech","Regular"
41,"Mohd Harun","Assistant Professor","15-03-2024","M.Tech","Regular"
42,"Abdul Khaliq","Assistant Professor","09-03-2024","M.Tech","Regular"